Workbook

Sheet Test case
A1: Mã TC | B1: Nhóm chức năng | C1: Tiêu đề | D1: Điều kiện tiên quyết | E1: Ưu tiên | F1: Bước thực hiện | G1: Dữ liệu kiểm thử | H1: Kết quả mong đợi | I1: Kết quả thực tế | J1: Pass/Fail | K1: Mã bug
A2: 56 | B2: Thông tin địa chỉ thanh toán hợp lệ | C2: Hiển thị đầy đủ các trường địa chỉ thanh toán trên trang giỏ hàng | D2: Người dùng đang ở trang giỏ hàng (basket page) và khu vực nhập địa chỉ thanh toán được hiển thị. | E2: High | F2: 1. Quan sát khu vực nhập địa chỉ thanh toán trên trang giỏ hàng. 2. Nhấp lần lượt vào từng trường để kiểm tra có thể focus và nhập liệu. | G2: — | H2: 1. Hiển thị đầy đủ các trường: First name, Last name, Email, Address, Postcode. 2. Mỗi trường đều có thể focus và sẵn sàng nhận dữ liệu nhập. | I2: Đúng như kết quả mong đợi | J2: Pass
A3: 57 | B3: Thông tin địa chỉ thanh toán hợp lệ | C3: Nhập dữ liệu hợp lệ cho tất cả trường và không hiển thị lỗi | D3: Người dùng đang ở trang giỏ hàng và form địa chỉ thanh toán đang trống hoặc có thể chỉnh sửa. | E3: High | F3: 1. Nhập First name hợp lệ. 2. Nhập Last name hợp lệ. 3. Nhập Email đúng định dạng. 4. Nhập Address hợp lệ. 5. Nhập Postcode theo quy tắc được hỗ trợ. 6. Thực hiện thao tác kích hoạt xác thực (ví dụ: rời focus khỏi trường hoặc thực hiện hành động tiếp tục/đặt hàng nếu có). | G3: B1: Nguyen B2: Van A B3: user@example.com B4: 123 Duong ABC, Quan 1 B5: 700000 | H3: 1. Giá trị được nhập và hiển thị trong trường First name. 2. Giá trị được nhập và hiển thị trong trường Last name. 3. Giá trị được nhập và hiển thị trong trường Email; không hiển thị lỗi định dạng email. 4. Giá trị được nhập và hiển thị trong trường Address. 5. Giá trị được nhập và hiển thị trong trường Postcode; không hiển thị lỗi định dạng postcode. 6. Không có thông báo lỗi cho bất kỳ trường nào khi tất cả dữ liệu hợp lệ. | I3: Đúng như kết quả mong đợi | J3: Pass
A4: 58 | B4: Thông tin địa chỉ thanh toán không hợp lệ | C4: Bỏ trống tất cả trường bắt buộc và kiểm tra thông báo lỗi | D4: Người dùng đang ở trang giỏ hàng; form địa chỉ thanh toán có thể chỉnh sửa; các trường đang trống. | E4: High | F4: 1. Đảm bảo tất cả trường First name, Last name, Email, Address, Postcode đang để trống. 2. Kích hoạt xác thực (ví dụ: rời focus khỏi từng trường hoặc thực hiện hành động tiếp tục/đặt hàng nếu có). | G4: — | H4: 1. Tất cả trường hiển thị trống. 2. Hệ thống hiển thị thông báo lỗi cho các trường bắt buộc bị bỏ trống. | I4: Đúng như kết quả mong đợi | J4: Pass
A5: 59 | B5: Thông tin địa chỉ thanh toán không hợp lệ | C5: Bỏ trống riêng trường First name và kiểm tra lỗi bắt buộc | D5: Người dùng đang ở trang giỏ hàng; form địa chỉ thanh toán có thể chỉnh sửa. | E5: High | F5: 1. Nhập Last name hợp lệ. 2. Nhập Email đúng định dạng. 3. Nhập Address hợp lệ. 4. Nhập Postcode theo quy tắc được hỗ trợ. 5. Để trống trường First name và kích hoạt xác thực. | G5: B1: Van A B2: user@example.com B3: 123 Duong ABC B4: 700000 | H5: 1. Last name được chấp nhận, không hiển thị lỗi. 2. Email được chấp nhận, không hiển thị lỗi định dạng. 3. Address được chấp nhận, không hiển thị lỗi. 4. Postcode được chấp nhận, không hiển thị lỗi định dạng. 5. Hệ thống hiển thị thông báo lỗi bắt buộc cho trường First name; các trường khác không bị báo lỗi. | I5: Đúng như kết quả mong đợi | J5: Pass
A6: 60 | B6: Thông tin địa chỉ thanh toán không hợp lệ | C6: Bỏ trống riêng trường Last name và kiểm tra lỗi bắt buộc | D6: Người dùng đang ở trang giỏ hàng; form địa chỉ thanh toán có thể chỉnh sửa. | E6: High | F6: 1. Nhập First name hợp lệ. 2. Nhập Email đúng định dạng. 3. Nhập Address hợp lệ. 4. Nhập Postcode theo quy tắc được hỗ trợ. 5. Để trống trường Last name và kích hoạt xác thực. | G6: B1: Nguyen B2: user@example.com B3: 123 Duong ABC B4: 700000 | H6: 1. First name được chấp nhận, không hiển thị lỗi. 2. Email được chấp nhận, không hiển thị lỗi định dạng. 3. Address được chấp nhận, không hiển thị lỗi. 4. Postcode được chấp nhận, không hiển thị lỗi định dạng. 5. Hệ thống hiển thị thông báo lỗi bắt buộc cho trường Last name; các trường khác không bị báo lỗi. | I6: Đúng như kết quả mong đợi | J6: Pass
A7: 61 | B7: Thông tin địa chỉ thanh toán không hợp lệ | C7: Bỏ trống riêng trường Email và kiểm tra lỗi bắt buộc | D7: Người dùng đang ở trang giỏ hàng; form địa chỉ thanh toán có thể chỉnh sửa. | E7: High | F7: 1. Nhập First name hợp lệ. 2. Nhập Last name hợp lệ. 3. Nhập Address hợp lệ. 4. Nhập Postcode theo quy tắc được hỗ trợ. 5. Để trống trường Email và kích hoạt xác thực. | G7: B1: Nguyen B2: Van A B3: 123 Duong ABC B4: 700000 | H7: 1. First name được chấp nhận, không hiển thị lỗi. 2. Last name được chấp nhận, không hiển thị lỗi. 3. Address được chấp nhận, không hiển thị lỗi. 4. Postcode được chấp nhận, không hiển thị lỗi định dạng. 5. Hệ thống hiển thị thông báo lỗi bắt buộc cho trường Email. | I7: Đúng như kết quả mong đợi | J7: Pass
A8: 62 | B8: Thông tin địa chỉ thanh toán không hợp lệ | C8: Nhập Email sai định dạng và kiểm tra thông báo lỗi | D8: Người dùng đang ở trang giỏ hàng; form địa chỉ thanh toán có thể chỉnh sửa. | E8: High | F8: 1. Nhập Email sai định dạng. 2. Kích hoạt xác thực cho trường Email (rời focus hoặc thực hiện hành động tiếp tục/đặt hàng nếu có). | G8: B1: userexample.com | H8: 1. Giá trị được nhập vào trường Email. 2. Hệ thống hiển thị thông báo lỗi do Email không đúng định dạng. | I8: không có thông báo lỗi và email sai định dạng vẫn được chấp nhận | J8: Fail | K8: BUG-03
A9: 63 | B9: Thông tin địa chỉ thanh toán không hợp lệ | C9: Nhập Email thiếu phần tên miền và kiểm tra lỗi định dạng | D9: Người dùng đang ở trang giỏ hàng; form địa chỉ thanh toán có thể chỉnh sửa. | E9: Medium | F9: 1. Nhập Email sai định dạng (thiếu tên miền hợp lệ). 2. Kích hoạt xác thực cho trường Email. | G9: B1: user@ | H9: 1. Giá trị được nhập vào trường Email. 2. Hệ thống hiển thị thông báo lỗi do Email không đúng định dạng. | I9: Không có thông báo lỗi và email sai định dạng vẫn được chấp nhận | J9: Fail | K9: BUG-04
A10: 64 | B10: Thông tin địa chỉ thanh toán không hợp lệ | C10: Nhập Postcode không khớp quy tắc được hỗ trợ và kiểm tra thông báo lỗi | D10: Người dùng đang ở trang giỏ hàng; form địa chỉ thanh toán có thể chỉnh sửa. | E10: High | F10: 1. Nhập Postcode không hợp lệ (không khớp quy tắc được hỗ trợ). 2. Kích hoạt xác thực cho trường Postcode (rời focus hoặc thực hiện hành động tiếp tục/đặt hàng nếu có). | G10: B1: INVALID | H10: 1. Giá trị được nhập vào trường Postcode. 2. Hệ thống hiển thị thông báo lỗi do Postcode không đúng định dạng/quy tắc được hỗ trợ. | I10: Đúng như kết quả mong đợi | J10: Pass
A11: 65 | B11: Thông tin địa chỉ thanh toán không hợp lệ | C11: Bỏ trống riêng trường Postcode và kiểm tra lỗi bắt buộc | D11: Người dùng đang ở trang giỏ hàng; form địa chỉ thanh toán có thể chỉnh sửa. | E11: High | F11: 1. Nhập First name hợp lệ. 2. Nhập Last name hợp lệ. 3. Nhập Email đúng định dạng. 4. Nhập Address hợp lệ. 5. Để trống trường Postcode và kích hoạt xác thực. | G11: B1: Nguyen B2: Van A B3: user@example.com B4: 123 Duong ABC | H11: 1. First name được chấp nhận, không hiển thị lỗi. 2. Last name được chấp nhận, không hiển thị lỗi. 3. Email được chấp nhận, không hiển thị lỗi định dạng. 4. Address được chấp nhận, không hiển thị lỗi. 5. Hệ thống hiển thị thông báo lỗi bắt buộc cho trường Postcode. | I11: Đúng như kết quả mong đợi | J11: Pass
A12: 66 | B12: Thông tin địa chỉ thanh toán không hợp lệ | C12: Bỏ trống riêng trường Address và kiểm tra lỗi bắt buộc | D12: Người dùng đang ở trang giỏ hàng; form địa chỉ thanh toán có thể chỉnh sửa. | E12: High | F12: 1. Nhập First name hợp lệ. 2. Nhập Last name hợp lệ. 3. Nhập Email đúng định dạng. 4. Nhập Postcode theo quy tắc được hỗ trợ. 5. Để trống trường Address và kích hoạt xác thực. | G12: B1: Nguyen B2: Van A B3: user@example.com B4: 700000 | H12: 1. First name được chấp nhận, không hiển thị lỗi. 2. Last name được chấp nhận, không hiển thị lỗi. 3. Email được chấp nhận, không hiển thị lỗi định dạng. 4. Postcode được chấp nhận, không hiển thị lỗi định dạng. 5. Hệ thống hiển thị thông báo lỗi bắt buộc cho trường Address. | I12: Đúng như kết quả mong đợi | J12: Pass
A13: 67 | B13: Thông tin địa chỉ thanh toán không hợp lệ | C13: Kết hợp lỗi: Email sai định dạng và Postcode sai quy tắc cùng lúc | D13: Người dùng đang ở trang giỏ hàng; form địa chỉ thanh toán có thể chỉnh sửa. | E13: High | F13: 1. Nhập First name hợp lệ. 2. Nhập Last name hợp lệ. 3. Nhập Address hợp lệ. 4. Nhập Email sai định dạng. 5. Nhập Postcode không khớp quy tắc được hỗ trợ. 6. Kích hoạt xác thực (rời focus hoặc thực hiện hành động tiếp tục/đặt hàng nếu có). | G13: B1: Nguyen B2: Van A B3: 123 Duong ABC B4: userexample.com B5: INVALID | H13: 1. First name được chấp nhận, không hiển thị lỗi. 2. Last name được chấp nhận, không hiển thị lỗi. 3. Address được chấp nhận, không hiển thị lỗi. 4. Email được nhập; chưa cần kết luận cho đến khi xác thực. 5. Postcode được nhập; chưa cần kết luận cho đến khi xác thực. 6. Hệ thống hiển thị thông báo lỗi cho cả Email (sai định dạng) và Postcode (không đúng quy tắc được hỗ trợ); các trường hợp lệ không bị báo lỗi. | I13: Không có thông báo lỗi và đơn hàng đặt thành công | J13: Fail | K13: BUG-05
A14: 68 | B14: Thông tin địa chỉ thanh toán không hợp lệ | C14: Sửa Email từ sai định dạng sang đúng định dạng và lỗi được gỡ bỏ | D14: Người dùng đang ở trang giỏ hàng; form địa chỉ thanh toán có thể chỉnh sửa. | E14: Medium | F14: 1. Nhập Email sai định dạng và kích hoạt xác thực. 2. Sửa Email sang đúng định dạng. 3. Kích hoạt xác thực lại cho trường Email. | G14: B1: userexample.com B2: user@example.com | H14: 1. Hệ thống hiển thị thông báo lỗi do Email không đúng định dạng. 2. Giá trị Email được cập nhật thành đúng định dạng. 3. Thông báo lỗi Email không còn hiển thị. | I14: Email sai định dạng được chấp nhận từ đầu | J14: Fail | K14: BUG-06
A15: 69 | B15: Thông tin địa chỉ thanh toán không hợp lệ | C15: Sửa Postcode từ không hợp lệ sang hợp lệ và lỗi được gỡ bỏ | D15: Người dùng đang ở trang giỏ hàng; form địa chỉ thanh toán có thể chỉnh sửa. | E15: Medium | F15: 1. Nhập Postcode không khớp quy tắc được hỗ trợ và kích hoạt xác thực. 2. Sửa Postcode sang giá trị hợp lệ theo quy tắc được hỗ trợ. 3. Kích hoạt xác thực lại cho trường Postcode. | G15: B1: INVALID B2: 700000 | H15: 1. Hệ thống hiển thị thông báo lỗi do Postcode không đúng định dạng/quy tắc được hỗ trợ. 2. Giá trị Postcode được cập nhật. 3. Thông báo lỗi Postcode không còn hiển thị. | I15: Postcode sai từ đầu nhưng vẫn được chấp nhận | J15: Fail | K15: BUG-07
A16: 70 | B16: Thông tin thanh toán hợp lệ | C16: Hiển thị đầy đủ các trường thanh toán với nhãn đúng | D16: Người dùng đang ở màn hình/biểu mẫu nhập thông tin thanh toán. | E16: High | F16: 1. Quan sát khu vực thông tin thanh toán trên UI. 2. Kiểm tra nhãn của từng trường thanh toán. | G16: — | H16: 1. Tất cả các trường thanh toán bắt buộc được hiển thị đầy đủ và rõ ràng. 2. Mỗi trường có nhãn đúng, không bị thiếu/nhầm lẫn, phù hợp với mục đích nhập liệu (tên chủ thẻ, số thẻ, ngày hết hạn, CVV). | I16: Đúng như kết quả mong đợi | J16: Pass
A17: 71 | B17: Thông tin thanh toán hợp lệ | C17: Thanh toán thành công với dữ liệu hợp lệ | D17: Người dùng đang ở màn hình thanh toán; hệ thống sẵn sàng xử lý giao dịch. | E17: High | F17: 1. Nhập tên chủ thẻ hợp lệ. 2. Nhập số thẻ tín dụng là số test hợp lệ. 3. Nhập ngày hết hạn ở tương lai theo đúng định dạng hệ thống yêu cầu. 4. Nhập CVV đúng định dạng. 5. Thực hiện hành động thanh toán/xác nhận giao dịch. | G17: B1: Tên chủ thẻ hợp lệ B2: Số thẻ test hợp lệ B3: Ngày hết hạn trong tương lai (đúng định dạng) B4: CVV đúng định dạng | H17: 1. Trường tên chủ thẻ chấp nhận dữ liệu, không hiển thị lỗi. 2. Trường số thẻ chấp nhận dữ liệu, không hiển thị lỗi. 3. Trường ngày hết hạn chấp nhận dữ liệu, không hiển thị lỗi. 4. Trường CVV chấp nhận dữ liệu, không hiển thị lỗi. 5. Hệ thống xử lý giao dịch thành công khi thông tin thanh toán hợp lệ. | I17: Đúng như kết quả mong đợi | J17: Pass
A18: 72 | B18: Thông tin thanh toán không hợp lệ | C18: Từ chối thanh toán khi thiếu tất cả trường bắt buộc | D18: Người dùng đang ở màn hình thanh toán; các trường đang trống. | E18: High | F18: 1. Không nhập dữ liệu vào bất kỳ trường nào. 2. Nhấn thanh toán/xác nhận giao dịch. | G18: — | H18: 1. Các trường vẫn trống, chưa có giao dịch được gửi. 2. Hệ thống từ chối thanh toán và hiển thị thông báo lỗi phù hợp cho các trường bắt buộc bị thiếu. | I18: Đúng như kết quả mong đợi | J18: Pass
A19: 73 | B19: Thông tin thanh toán không hợp lệ | C19: Từ chối thanh toán khi thiếu tên chủ thẻ | D19: Người dùng đang ở màn hình thanh toán. | E19: High | F19: 1. Để trống trường tên chủ thẻ. 2. Nhập số thẻ test hợp lệ. 3. Nhập ngày hết hạn trong tương lai (đúng định dạng). 4. Nhập CVV đúng định dạng. 5. Nhấn thanh toán/xác nhận giao dịch. | G19: B2: Số thẻ test hợp lệ B3: Ngày hết hạn trong tương lai (đúng định dạng) B4: CVV đúng định dạng | H19: 1. Trường tên chủ thẻ không có dữ liệu. 2. Trường số thẻ chấp nhận dữ liệu. 3. Trường ngày hết hạn chấp nhận dữ liệu. 4. Trường CVV chấp nhận dữ liệu. 5. Hệ thống từ chối thanh toán và hiển thị lỗi cho trường tên chủ thẻ bị thiếu. | I19: Đúng như kết quả mong đợi | J19: Pass
A20: 74 | B20: Thông tin thanh toán không hợp lệ | C20: Từ chối thanh toán khi thiếu số thẻ | D20: Người dùng đang ở màn hình thanh toán. | E20: High | F20: 1. Nhập tên chủ thẻ hợp lệ. 2. Để trống trường số thẻ. 3. Nhập ngày hết hạn trong tương lai (đúng định dạng). 4. Nhập CVV đúng định dạng. 5. Nhấn thanh toán/xác nhận giao dịch. | G20: B1: Tên chủ thẻ hợp lệ B3: Ngày hết hạn trong tương lai (đúng định dạng) B4: CVV đúng định dạng | H20: 1. Trường tên chủ thẻ chấp nhận dữ liệu. 2. Trường số thẻ không có dữ liệu. 3. Trường ngày hết hạn chấp nhận dữ liệu. 4. Trường CVV chấp nhận dữ liệu. 5. Hệ thống từ chối thanh toán và hiển thị lỗi cho trường số thẻ bị thiếu. | I20: Đúng như kết quả mong đợi | J20: Pass
A21: 75 | B21: Thông tin thanh toán không hợp lệ | C21: Từ chối thanh toán khi thiếu ngày hết hạn | D21: Người dùng đang ở màn hình thanh toán. | E21: High | F21: 1. Nhập tên chủ thẻ hợp lệ. 2. Nhập số thẻ test hợp lệ. 3. Để trống trường ngày hết hạn. 4. Nhập CVV đúng định dạng. 5. Nhấn thanh toán/xác nhận giao dịch. | G21: B1: Tên chủ thẻ hợp lệ B2: Số thẻ test hợp lệ B4: CVV đúng định dạng | H21: 1. Trường tên chủ thẻ chấp nhận dữ liệu. 2. Trường số thẻ chấp nhận dữ liệu. 3. Trường ngày hết hạn không có dữ liệu. 4. Trường CVV chấp nhận dữ liệu. 5. Hệ thống từ chối thanh toán và hiển thị lỗi cho trường ngày hết hạn bị thiếu. | I21: Đúng như kết quả mong đợi | J21: Pass
A22: 76 | B22: Thông tin thanh toán không hợp lệ | C22: Từ chối thanh toán khi thiếu CVV | D22: Người dùng đang ở màn hình thanh toán. | E22: High | F22: 1. Nhập tên chủ thẻ hợp lệ. 2. Nhập số thẻ test hợp lệ. 3. Nhập ngày hết hạn trong tương lai (đúng định dạng). 4. Để trống trường CVV. 5. Nhấn thanh toán/xác nhận giao dịch. | G22: B1: Tên chủ thẻ hợp lệ B2: Số thẻ test hợp lệ B3: Ngày hết hạn trong tương lai (đúng định dạng) | H22: 1. Trường tên chủ thẻ chấp nhận dữ liệu. 2. Trường số thẻ chấp nhận dữ liệu. 3. Trường ngày hết hạn chấp nhận dữ liệu. 4. Trường CVV không có dữ liệu. 5. Hệ thống từ chối thanh toán và hiển thị lỗi cho trường CVV bị thiếu. | I22: Đúng như kết quả mong đợi | J22: Pass
A23: 77 | B23: Thông tin thanh toán không hợp lệ | C23: Từ chối khi số thẻ chứa ký tự không được hỗ trợ | D23: Người dùng đang ở màn hình thanh toán. | E23: High | F23: 1. Nhập tên chủ thẻ hợp lệ. 2. Nhập số thẻ có chứa ký tự không được hỗ trợ. 3. Nhập ngày hết hạn trong tương lai (đúng định dạng). 4. Nhập CVV đúng định dạng. 5. Nhấn thanh toán/xác nhận giao dịch. | G23: B1: Tên chủ thẻ hợp lệ B2: Số thẻ có ký tự không được hỗ trợ B3: Ngày hết hạn trong tương lai (đúng định dạng) B4: CVV đúng định dạng | H23: 1. Trường tên chủ thẻ chấp nhận dữ liệu. 2. Hệ thống phát hiện dữ liệu không hợp lệ cho trường số thẻ và hiển thị thông báo lỗi phù hợp. 3. Trường ngày hết hạn chấp nhận dữ liệu. 4. Trường CVV chấp nhận dữ liệu. 5. Hệ thống từ chối thanh toán do số thẻ chứa ký tự không được hỗ trợ và hiển thị lỗi tương ứng. | I23: Số thẻ chứa chữ cái vẫn thanh toán thành công | J23: Fail | K23: BUG-08
A24: 78 | B24: Thông tin thanh toán không hợp lệ | C24: Từ chối khi số thẻ không phải số test hợp lệ | D24: Người dùng đang ở màn hình thanh toán. | E24: High | F24: 1. Nhập tên chủ thẻ hợp lệ. 2. Nhập số thẻ không phải số test hợp lệ. 3. Nhập ngày hết hạn trong tương lai (đúng định dạng). 4. Nhập CVV đúng định dạng. 5. Nhấn thanh toán/xác nhận giao dịch. | G24: B1: Tên chủ thẻ hợp lệ B2: Số thẻ không phải số test hợp lệ B3: Ngày hết hạn trong tương lai (đúng định dạng) B4: CVV đúng định dạng | H24: 1. Trường tên chủ thẻ chấp nhận dữ liệu. 2. Hệ thống phát hiện số thẻ không hợp lệ và hiển thị thông báo lỗi phù hợp. 3. Trường ngày hết hạn chấp nhận dữ liệu. 4. Trường CVV chấp nhận dữ liệu. 5. Hệ thống từ chối thanh toán do số thẻ không phải số test hợp lệ và hiển thị lỗi tương ứng. | I24: Số thẻ không hợp lệ vẫn đặt hàng thành công | J24: Fail | K24: BUG-09
A25: 79 | B25: Thông tin thanh toán không hợp lệ | C25: Từ chối khi ngày hết hạn sai định dạng | D25: Người dùng đang ở màn hình thanh toán. | E25: High | F25: 1. Nhập tên chủ thẻ hợp lệ. 2. Nhập số thẻ test hợp lệ. 3. Nhập ngày hết hạn sai định dạng. 4. Nhập CVV đúng định dạng. 5. Nhấn thanh toán/xác nhận giao dịch. | G25: B1: Tên chủ thẻ hợp lệ B2: Số thẻ test hợp lệ B3: Ngày hết hạn sai định dạng B4: CVV đúng định dạng | H25: 1. Trường tên chủ thẻ chấp nhận dữ liệu. 2. Trường số thẻ chấp nhận dữ liệu. 3. Hệ thống phát hiện định dạng ngày hết hạn không đúng và hiển thị thông báo lỗi phù hợp. 4. Trường CVV chấp nhận dữ liệu. 5. Hệ thống từ chối thanh toán do ngày hết hạn sai định dạng và hiển thị lỗi tương ứng. | I25: Hệ thống tạo đơn hàng thành công | J25: Fail | K25: BUG-10
A26: 80 | B26: Thông tin thanh toán không hợp lệ | C26: Từ chối khi ngày hết hạn là ngày trong quá khứ | D26: Người dùng đang ở màn hình thanh toán. | E26: High | F26: 1. Nhập tên chủ thẻ hợp lệ. 2. Nhập số thẻ test hợp lệ. 3. Nhập ngày hết hạn là ngày trong quá khứ (đúng định dạng). 4. Nhập CVV đúng định dạng. 5. Nhấn thanh toán/xác nhận giao dịch. | G26: B1: Tên chủ thẻ hợp lệ B2: Số thẻ test hợp lệ B3: Ngày hết hạn trong quá khứ (đúng định dạng) B4: CVV đúng định dạng | H26: 1. Trường tên chủ thẻ chấp nhận dữ liệu. 2. Trường số thẻ chấp nhận dữ liệu. 3. Hệ thống phát hiện ngày hết hạn không hợp lệ (đã qua) và hiển thị thông báo lỗi phù hợp. 4. Trường CVV chấp nhận dữ liệu. 5. Hệ thống từ chối thanh toán do ngày hết hạn trong quá khứ và hiển thị lỗi tương ứng. | I26: Hệ thống tạo đơn hàng thành công | J26: Fail | K26: BUG-11
A27: 81 | B27: Thông tin thanh toán không hợp lệ | C27: Chấp nhận khi ngày hết hạn là ngày trong tương lai | D27: Người dùng đang ở màn hình thanh toán. | E27: Medium | F27: 1. Nhập tên chủ thẻ hợp lệ. 2. Nhập số thẻ test hợp lệ. 3. Nhập ngày hết hạn trong tương lai (đúng định dạng). 4. Nhập CVV đúng định dạng. 5. Nhấn thanh toán/xác nhận giao dịch. | G27: B1: Tên chủ thẻ hợp lệ B2: Số thẻ test hợp lệ B3: Ngày hết hạn trong tương lai (đúng định dạng) B4: CVV đúng định dạng | H27: 1. Trường tên chủ thẻ chấp nhận dữ liệu. 2. Trường số thẻ chấp nhận dữ liệu. 3. Hệ thống chấp nhận ngày hết hạn và không hiển thị lỗi. 4. Trường CVV chấp nhận dữ liệu. 5. Hệ thống xử lý giao dịch thành công khi tất cả thông tin hợp lệ. | I27: Đúng như kết quả mong đợi | J27: Pass
A28: 82 | B28: Thông tin thanh toán không hợp lệ | C28: Từ chối khi CVV không hợp lệ | D28: Người dùng đang ở màn hình thanh toán. | E28: High | F28: 1. Nhập tên chủ thẻ hợp lệ. 2. Nhập số thẻ test hợp lệ. 3. Nhập ngày hết hạn trong tương lai (đúng định dạng). 4. Nhập CVV không hợp lệ. 5. Nhấn thanh toán/xác nhận giao dịch. | G28: B1: Tên chủ thẻ hợp lệ B2: Số thẻ test hợp lệ B3: Ngày hết hạn trong tương lai (đúng định dạng) B4: CVV không hợp lệ | H28: 1. Trường tên chủ thẻ chấp nhận dữ liệu. 2. Trường số thẻ chấp nhận dữ liệu. 3. Trường ngày hết hạn chấp nhận dữ liệu. 4. Hệ thống phát hiện CVV không hợp lệ và hiển thị thông báo lỗi phù hợp. 5. Hệ thống từ chối thanh toán do CVV không hợp lệ và hiển thị lỗi tương ứng. | I28: Hệ thống tạo đơn hàng thành công | J28: Fail | K28: BUG-12
A29: 83 | B29: Thông tin thanh toán không hợp lệ | C29: Từ chối khi tên chủ thẻ không hợp lệ | D29: Người dùng đang ở màn hình thanh toán. | E29: Medium | F29: 1. Nhập tên chủ thẻ không hợp lệ. 2. Nhập số thẻ test hợp lệ. 3. Nhập ngày hết hạn trong tương lai (đúng định dạng). 4. Nhập CVV đúng định dạng. 5. Nhấn thanh toán/xác nhận giao dịch. | G29: B1: Tên chủ thẻ không hợp lệ B2: Số thẻ test hợp lệ B3: Ngày hết hạn trong tương lai (đúng định dạng) B4: CVV đúng định dạng | H29: 1. Hệ thống phát hiện tên chủ thẻ không hợp lệ và hiển thị thông báo lỗi phù hợp. 2. Trường số thẻ chấp nhận dữ liệu. 3. Trường ngày hết hạn chấp nhận dữ liệu. 4. Trường CVV chấp nhận dữ liệu. 5. Hệ thống từ chối thanh toán do tên chủ thẻ không hợp lệ và hiển thị lỗi tương ứng. | I29: Hệ thống tạo đơn hàng thành công | J29: Fail | K29: BUG-13
A30: 84 | B30: Thông tin thanh toán không hợp lệ | C30: Hiển thị thông báo lỗi phù hợp cho nhiều lỗi đồng thời | D30: Người dùng đang ở màn hình thanh toán. | E30: Medium | F30: 1. Nhập tên chủ thẻ không hợp lệ. 2. Nhập số thẻ có ký tự không được hỗ trợ. 3. Nhập ngày hết hạn sai định dạng hoặc là ngày trong quá khứ. 4. Nhập CVV không hợp lệ. 5. Nhấn thanh toán/xác nhận giao dịch. | G30: B1: Tên chủ thẻ không hợp lệ B2: Số thẻ có ký tự không được hỗ trợ B3: Ngày hết hạn sai định dạng hoặc trong quá khứ B4: CVV không hợp lệ | H30: 1. Hệ thống có thể đánh dấu trường tên chủ thẻ không hợp lệ. 2. Hệ thống có thể đánh dấu trường số thẻ không hợp lệ. 3. Hệ thống có thể đánh dấu trường ngày hết hạn không hợp lệ. 4. Hệ thống có thể đánh dấu trường CVV không hợp lệ. 5. Hệ thống từ chối thanh toán và hiển thị các thông báo lỗi phù hợp tương ứng với từng trường sai/thiếu. | I30: Đúng như kết quả mong đợi | J30: Pass
A31: 85 | B31: Kiểm thử hiển thị và thao tác giỏ hàng hợp lệ | C31: Hiển thị đúng tên sản phẩm, số lượng và giá cho giỏ hàng có nhiều sản phẩm | D31: Người dùng đang ở màn hình giỏ hàng và giỏ hàng có nhiều sản phẩm đã được thêm trước đó. | E31: High | F31: 1. Mở màn hình giỏ hàng 2. Quan sát từng dòng sản phẩm trong danh sách | G31: — | H31: 1. Danh sách sản phẩm trong giỏ hàng được hiển thị. 2. Mỗi sản phẩm hiển thị đúng tên sản phẩm, số lượng và giá tương ứng. | I31: Đúng như kết quả mong đợi | J31: Pass
A32: 86 | B32: Kiểm thử hiển thị và thao tác giỏ hàng hợp lệ | C32: Tính tổng tiền chính xác dựa trên giá sản phẩm trong giỏ hàng | D32: Người dùng đang ở màn hình giỏ hàng và giỏ hàng có ít nhất 2 sản phẩm với giá hiển thị rõ ràng. | E32: High | F32: 1. Mở màn hình giỏ hàng 2. Ghi nhận giá của từng sản phẩm đang hiển thị trong giỏ hàng 3. Tính tổng tiền kỳ vọng bằng cách cộng giá của tất cả sản phẩm đang hiển thị 4. So sánh tổng tiền hiển thị trên UI với tổng tiền kỳ vọng | G32: — | H32: 1. Tổng tiền và danh sách sản phẩm được hiển thị. 2. Có thể đọc được giá của từng sản phẩm để đối chiếu. 3. Có được tổng tiền kỳ vọng bằng tổng giá các sản phẩm. 4. Tổng tiền hiển thị khớp với tổng tiền kỳ vọng. | I32: Đúng như kết quả mong đợi | J32: Pass
A33: 87 | B33: Kiểm thử hiển thị và thao tác giỏ hàng hợp lệ | C33: Cập nhật tổng tiền đúng sau khi xóa một sản phẩm khỏi giỏ hàng | D33: Người dùng đang ở màn hình giỏ hàng và giỏ hàng có nhiều sản phẩm; tổng tiền đang hiển thị. | E33: High | F33: 1. Ghi nhận tổng tiền hiện tại và danh sách sản phẩm đang có 2. Xóa một sản phẩm bất kỳ khỏi giỏ hàng bằng thao tác xóa trên UI 3. Tính tổng tiền kỳ vọng bằng cách cộng giá của các sản phẩm còn lại sau khi xóa 4. So sánh tổng tiền hiển thị sau khi xóa với tổng tiền kỳ vọng | G33: — | H33: 1. Tổng tiền hiện tại và các sản phẩm hiện có được ghi nhận để đối chiếu. 2. Sản phẩm được xóa khỏi danh sách hiển thị. 3. Tổng tiền kỳ vọng phản ánh tổng của các sản phẩm còn lại. 4. Tổng tiền hiển thị sau khi xóa khớp với tổng tiền kỳ vọng và phản ánh tổng của các sản phẩm còn lại. | I33: Đúng như kết quả mong đợi | J33: Pass
A34: 88 | B34: Kiểm thử hiển thị và thao tác giỏ hàng hợp lệ | C34: Không hiển thị sản phẩm đã bị xóa khỏi danh sách giỏ hàng | D34: Người dùng đang ở màn hình giỏ hàng và có ít nhất 1 sản phẩm trong giỏ hàng. | E34: Medium | F34: 1. Xác định một sản phẩm cụ thể đang hiển thị trong giỏ hàng 2. Thực hiện thao tác xóa sản phẩm mục tiêu khỏi giỏ hàng 3. Tải lại/refresh màn hình giỏ hàng (nếu có) hoặc quay lại rồi vào lại giỏ hàng | G34: — | H34: 1. Sản phẩm mục tiêu đang xuất hiện trong danh sách. 2. Sản phẩm mục tiêu biến mất khỏi danh sách giỏ hàng. 3. Sản phẩm đã xóa vẫn không xuất hiện lại trong danh sách. | I34: Đúng như kết quả mong đợi | J34: Pass
A35: 89 | B35: Kiểm thử hiển thị và thao tác giỏ hàng hợp lệ | C35: Xóa lần lượt tất cả sản phẩm: không còn sản phẩm nào được hiển thị | D35: Người dùng đang ở màn hình giỏ hàng và giỏ hàng có từ 1 sản phẩm trở lên. | E35: High | F35: 1. Thực hiện xóa từng sản phẩm trong giỏ hàng cho đến khi không còn sản phẩm nào 2. Quan sát danh sách sản phẩm sau khi đã xóa hết | G35: — | H35: 1. Sau mỗi lần xóa, sản phẩm tương ứng biến mất khỏi danh sách. 2. Không còn sản phẩm nào được hiển thị trong giỏ hàng. | I35: Đúng như kết quả mong đợi | J35: Pass
A36: 91 | B36: Kiểm thử hiển thị và thao tác giỏ hàng hợp lệ | C36: Sử dụng chức năng Empty Basket để xóa toàn bộ sản phẩm trong giỏ hàng | D36: Người dùng đang ở màn hình giỏ hàng và giỏ hàng có nhiều sản phẩm. | E36: High | F36: 1. Nhấn/Chọn chức năng Empty Basket trên UI 2. Quan sát danh sách sản phẩm sau khi Empty Basket 3. Quan sát trạng thái giỏ hàng | G36: — | H36: 1. Tất cả sản phẩm bị xóa khỏi giỏ hàng. 2. Không có sản phẩm nào được hiển thị. 3. Hệ thống hiển thị trạng thái phù hợp khi giỏ hàng trống. | I36: Đúng như kết quả mong đợi | J36: Pass
A37: 92 | B37: Kiểm thử hiển thị và thao tác giỏ hàng hợp lệ | C37: Tổng tiền phản ánh tổng của các sản phẩm còn lại sau khi Empty Basket | D37: Người dùng đang ở màn hình giỏ hàng và giỏ hàng có ít nhất 1 sản phẩm; tổng tiền đang hiển thị. | E37: High | F37: 1. Ghi nhận tổng tiền trước khi thực hiện Empty Basket 2. Thực hiện Empty Basket 3. Quan sát tổng tiền sau khi Empty Basket | G37: — | H37: 1. Tổng tiền trước khi xóa được ghi nhận. 2. Giỏ hàng được xóa toàn bộ sản phẩm. 3. Tổng tiền phản ánh trạng thái không còn sản phẩm trong giỏ hàng (không còn tổng của các sản phẩm đã bị xóa). | I37: Đúng như kết quả mong đợi | J37: Pass
A38: 90 | B38: Kiểm thử trạng thái giỏ hàng trống | C38: Hiển thị trạng thái phù hợp khi giỏ hàng trống sau khi xóa hết sản phẩm | D38: Người dùng đang ở màn hình giỏ hàng và giỏ hàng có ít nhất 1 sản phẩm. | E38: High | F38: 1. Xóa tất cả sản phẩm trong giỏ hàng 2. Quan sát khu vực trạng thái/thông báo của giỏ hàng | G38: — | H38: 1. Danh sách sản phẩm không còn hiển thị sản phẩm nào. 2. Hệ thống hiển thị trạng thái phù hợp cho giỏ hàng trống. | I38: Đúng như kết quả mong đợi | J38: Pass
A39: 93 | B39: Kiểm thử trạng thái giỏ hàng trống | C39: Giỏ hàng trống ngay từ đầu: hiển thị trạng thái phù hợp và không hiển thị sản phẩm | D39: Người dùng đang ở màn hình giỏ hàng và giỏ hàng đang trống (không có sản phẩm). | E39: Medium | F39: 1. Mở màn hình giỏ hàng khi giỏ hàng trống 2. Quan sát danh sách sản phẩm | G39: — | H39: 1. Hệ thống hiển thị trạng thái phù hợp cho giỏ hàng trống. 2. Không có sản phẩm nào được hiển thị trong danh sách. | I39: Đúng như kết quả mong đợi | J39: Pass
A40: 96 | B40: Kiểm thử lựa chọn phương thức giao hàng hợp lệ | C40: Mặc định phương thức giao hàng là Collect (FREE) | D40: Người dùng đang ở màn hình có lựa chọn phương thức giao hàng và hiển thị tổng tiền. | E40: High | F40: 1. Mở màn hình có lựa chọn phương thức giao hàng. 2. Quan sát phí vận chuyển và tổng tiền hiển thị. 3. Kiểm tra giá trị tổng tiền không hiển thị NaN. | G40: — | H40: 1. Collect (FREE) được chọn mặc định; Standard Shipping không được chọn. 2. Phí vận chuyển tương ứng Collect là FREE và tổng tiền không bao gồm phí £1.99. 3. Tổng tiền hiển thị là một giá trị hợp lệ, không phải NaN. | I40: Đúng như kết quả mong đợi | J40: Pass
A41: 97 | B41: Kiểm thử lựa chọn phương thức giao hàng hợp lệ | C41: Chuyển từ Collect (FREE) sang Standard Shipping (£1.99) và tổng tiền cập nhật đúng | D41: Người dùng đang ở màn hình có lựa chọn phương thức giao hàng; mặc định Collect (FREE) đang được chọn. | E41: High | F41: 1. Ghi nhận tổng tiền hiện tại khi Collect (FREE) đang được chọn. 2. Chọn phương thức Standard Shipping (£1.99). 3. Quan sát phí vận chuyển và tổng tiền sau khi chọn Standard Shipping. 4. Kiểm tra tổng tiền không hiển thị NaN. | G41: — | H41: 1. Tổng tiền hiển thị hợp lệ và không có phí £1.99 được cộng. 2. Standard Shipping được chọn; Collect (FREE) bị bỏ chọn. 3. Phí vận chuyển hiển thị £1.99 và tổng tiền tăng đúng bằng £1.99 so với khi chọn Collect. 4. Tổng tiền hiển thị là giá trị hợp lệ, không phải NaN. | I41: - Tổng tiền hiển thị NaN (khi giỏ hàng chứa sản phẩm có giá chứa phần nhỏ lẻ như .75 .95) khi chọn Standard Shipping - Nếu giỏ hàng không chứa sản phẩm có giá chứa phần nhỏ lẻ như .75 .95 mà chọn Standard Shipping thì tổng sẽ bị sai(phí ship nối liền số tiền tổng sản phẩm ) | J41: Fail | K41: BUG-18
A42: 98 | B42: Kiểm thử lựa chọn phương thức giao hàng hợp lệ | C42: Chuyển từ Standard Shipping (£1.99) về Collect (FREE) và loại bỏ phí không áp dụng | D42: Người dùng đang ở màn hình có lựa chọn phương thức giao hàng; Standard Shipping (£1.99) đang được chọn. | E42: High | F42: 1. Ghi nhận tổng tiền hiện tại khi Standard Shipping đang được chọn. 2. Chọn phương thức Collect (FREE). 3. Quan sát phí vận chuyển và tổng tiền sau khi chuyển về Collect. 4. Kiểm tra tổng tiền không hiển thị NaN. | G42: — | H42: 1. Tổng tiền hiển thị hợp lệ và đã bao gồm phí £1.99. 2. Collect (FREE) được chọn; Standard Shipping bị bỏ chọn. 3. Phí vận chuyển hiển thị FREE và tổng tiền giảm đúng bằng £1.99 so với khi chọn Standard Shipping; không còn khoản phí £1.99 trong tổng tiền. 4. Tổng tiền hiển thị là giá trị hợp lệ, không phải NaN. | I42: Đúng như kết quả mong đợi | J42: Pass
A43: 99 | B43: Kiểm thử lựa chọn phương thức giao hàng hợp lệ | C43: Đảm bảo chỉ một phương thức giao hàng được chọn tại một thời điểm | D43: Người dùng đang ở màn hình có 2 lựa chọn: Collect (FREE) và Standard Shipping (£1.99). | E43: High | F43: 1. Chọn Collect (FREE). 2. Chọn Standard Shipping (£1.99). 3. Chọn lại Collect (FREE). | G43: — | H43: 1. Collect (FREE) được chọn; Standard Shipping không được chọn. 2. Standard Shipping được chọn; Collect (FREE) tự động bị bỏ chọn. 3. Collect (FREE) được chọn; Standard Shipping tự động bị bỏ chọn. | I43: Đúng như kết quả mong đợi | J43: Pass
A44: 105 | B44: Kiểm thử lựa chọn phương thức giao hàng hợp lệ | C44: Hiển thị đúng nhãn phí: Collect (FREE) và Standard Shipping (£1.99) | D44: Người dùng đang ở màn hình có danh sách phương thức giao hàng. | E44: Low | F44: 1. Quan sát danh sách phương thức giao hàng. 2. Chọn Collect (FREE) và quan sát phí hiển thị. 3. Chọn Standard Shipping (£1.99) và quan sát phí hiển thị. | G44: — | H44: 1. Có đúng 2 lựa chọn: Collect (FREE) và Standard Shipping (£1.99). 2. Phí hiển thị là FREE; không hiển thị £1.99 cho Collect. 3. Phí hiển thị đúng là £1.99; không hiển thị FREE cho Standard Shipping. | I44: Đúng như kết quả mong đợi | J44: Pass
A45: 100 | B45: Kiểm thử lỗi tính tổng tiền khi áp dụng phí giao hàng | C45: Tổng tiền không được cộng phí £1.99 khi Collect (FREE) được chọn | D45: Người dùng đang ở màn hình có hiển thị tổng tiền và lựa chọn phương thức giao hàng. | E45: High | F45: 1. Đảm bảo Collect (FREE) đang được chọn. 2. Quan sát phần phí vận chuyển và tổng tiền. | G45: — | H45: 1. Collect (FREE) được chọn; Standard Shipping không được chọn. 2. Không có khoản phí £1.99 được hiển thị/áp dụng trong tổng tiền khi Collect (FREE) được chọn. | I45: Đúng như kết quả mong đợi | J45: Pass
A46: 101 | B46: Kiểm thử lỗi tính tổng tiền khi áp dụng phí giao hàng | C46: Tổng tiền phải bao gồm đúng phí £1.99 khi Standard Shipping được chọn | D46: Người dùng đang ở màn hình có hiển thị tổng tiền và lựa chọn phương thức giao hàng. | E46: High | F46: 1. Chọn Standard Shipping (£1.99). 2. Quan sát phí vận chuyển hiển thị. 3. So sánh tổng tiền với trạng thái Collect (FREE) (nếu có thể chuyển qua lại). | G46: — | H46: 1. Standard Shipping được chọn; Collect (FREE) bị bỏ chọn. 2. Phí vận chuyển hiển thị đúng là £1.99. 3. Tổng tiền khi Standard Shipping được chọn cao hơn đúng £1.99 so với khi Collect (FREE) được chọn. | I46: - Tổng tiền hiển thị NaN (khi giỏ hàng chứa sản phẩm có giá chứa phần nhỏ lẻ như .75 .95) khi chọn Standard Shipping - Nếu giỏ hàng không chứa sản phẩm có giá chứa phần nhỏ lẻ như .75 .95 mà chọn Standard Shipping thì tổng sẽ bị sai(phí ship nối liền số tiền tổng sản phẩm ) | J46: Fail | K46: BUG-17
A47: 102 | B47: Kiểm thử lỗi tính tổng tiền khi áp dụng phí giao hàng | C47: Không hiển thị NaN khi chuyển đổi phương thức giao hàng nhiều lần | D47: Người dùng đang ở màn hình có lựa chọn phương thức giao hàng và hiển thị tổng tiền. | E47: Medium | F47: 1. Chuyển từ Collect (FREE) sang Standard Shipping (£1.99). 2. Chuyển từ Standard Shipping (£1.99) về Collect (FREE). 3. Lặp lại thao tác chuyển đổi qua lại thêm vài lần. | G47: — | H47: 1. Tổng tiền cập nhật hợp lệ và không hiển thị NaN. 2. Tổng tiền cập nhật hợp lệ và không hiển thị NaN. 3. Mỗi lần chuyển đổi, tổng tiền luôn là giá trị hợp lệ; không xuất hiện NaN hoặc tổng tiền sai. | I47: Tổng tiền hiển thị NaN (khi giỏ hàng chứa sản phẩm có giá chứa phần nhỏ lẻ như .75 .95) | J47: Fail | K47: BUG-15
A48: 103 | B48: Kiểm thử lỗi tính tổng tiền khi áp dụng phí giao hàng | C48: Không cộng dồn phí vận chuyển £1.99 khi chọn Standard Shipping nhiều lần | D48: Người dùng đang ở màn hình có lựa chọn phương thức giao hàng và hiển thị tổng tiền. | E48: Medium | F48: 1. Chọn Standard Shipping (£1.99) và ghi nhận tổng tiền. 2. Nhấp chọn Standard Shipping (£1.99) thêm lần nữa (khi đang được chọn). 3. Nhấp chọn Standard Shipping (£1.99) thêm lần nữa. | G48: — | H48: 1. Tổng tiền hiển thị hợp lệ và đã bao gồm £1.99. 2. Standard Shipping vẫn được chọn; tổng tiền không tăng thêm (không cộng dồn thêm £1.99). 3. Tổng tiền vẫn không thay đổi; không có dấu hiệu cộng dồn phí. | I48: Đúng như kết quả mong đợi | J48: Pass
A49: 104 | B49: Kiểm thử lỗi tính tổng tiền khi áp dụng phí giao hàng | C49: Không cộng dồn phí vận chuyển khi chuyển Standard Shipping -> Collect -> Standard Shipping | D49: Người dùng đang ở màn hình có lựa chọn phương thức giao hàng và hiển thị tổng tiền. | E49: Medium | F49: 1. Chọn Standard Shipping (£1.99) và ghi nhận tổng tiền. 2. Chuyển sang Collect (FREE) và ghi nhận tổng tiền. 3. Chuyển lại Standard Shipping (£1.99) và ghi nhận tổng tiền. | G49: — | H49: 1. Tổng tiền hợp lệ và bao gồm £1.99. 2. Tổng tiền hợp lệ và không bao gồm £1.99. 3. Tổng tiền hợp lệ và chỉ tăng đúng £1.99 so với Collect; không tăng nhiều hơn £1.99. | I49: Đúng như kết quả mong đợi | J49: Pass
A50: 106 | B50: Kiểm thử lỗi tính tổng tiền khi áp dụng phí giao hàng | C50: Tổng tiền không hiển thị giá trị sai/không hợp lệ sau khi đổi phương thức giao hàng | D50: Người dùng đang ở màn hình có lựa chọn phương thức giao hàng và hiển thị tổng tiền. | E50: High | F50: 1. Chọn Collect (FREE) và ghi nhận tổng tiền. 2. Chọn Standard Shipping (£1.99) và ghi nhận tổng tiền. 3. Chọn lại Collect (FREE) và ghi nhận tổng tiền. | G50: — | H50: 1. Tổng tiền hợp lệ; không bao gồm phí £1.99; không hiển thị NaN. 2. Tổng tiền hợp lệ; bao gồm phí £1.99; không hiển thị NaN. 3. Tổng tiền hợp lệ; quay về trạng thái không bao gồm phí £1.99; không hiển thị NaN. | I50: Tổng tiền hiển thị NaN (khi giỏ hàng chứa sản phẩm có giá chứa phần nhỏ lẻ như .75 .95) khi chọn Standard Shipping Nếu giỏ hàng không chứa sản phẩm có giá chứa phần nhỏ lẻ như .75 .95 mà chọn Standard Shipping thì tổng sẽ bị sai | J50: Fail | K50: BUG-16
A51: 107 | B51: Kiểm thử áp dụng mã khuyến mãi hợp lệ | C51: Áp dụng mã khuyến mãi hợp lệ và cập nhật tổng tiền chính xác | D51: Người dùng đang ở màn hình có ô nhập mã khuyến mãi và hiển thị tổng tiền hiện tại; có ít nhất một mã khuyến mãi hợp lệ được hệ thống cấu hình với mức giảm giá tương ứng. | E51: High | F51: 1. Ghi nhận tổng tiền hiện tại trước khi áp dụng mã. 2. Nhập một mã khuyến mãi hợp lệ vào ô nhập mã. 3. Thực hiện thao tác áp dụng mã (ví dụ: nhấn nút Áp dụng). 4. Quan sát tổng tiền sau khi áp dụng mã. | G51: B2: Mã khuyến mãi hợp lệ (theo cấu hình hệ thống) | H51: 1. Tổng tiền trước khi áp dụng mã được hiển thị rõ ràng và có thể đối chiếu. 2. Ô nhập nhận giá trị mã; không tự báo lỗi ngay lập tức (trừ khi có cơ chế kiểm tra tức thời). 3. Hệ thống xác thực mã hợp lệ và áp dụng giảm giá đúng theo mức giảm đã cấu hình cho mã đó. 4. Tổng tiền được cập nhật chính xác theo giảm giá của mã hợp lệ; không có sai lệch so với quy tắc giảm giá đã cấu hình. | I51: Đúng như kết quả mong đợi | J51: Pass
A52: 108 | B52: Kiểm thử áp dụng mã khuyến mãi hợp lệ | C52: Không áp dụng giảm giá khi gửi lại cùng một mã khuyến mãi hợp lệ (chống trùng lặp) | D52: Người dùng đang ở màn hình có ô nhập mã khuyến mãi; có một mã khuyến mãi hợp lệ; mã này chưa được áp dụng trước đó trong phiên hiện tại. | E52: High | F52: 1. Nhập và áp dụng mã khuyến mãi hợp lệ lần 1. 2. Ghi nhận tổng tiền sau khi áp dụng lần 1. 3. Nhập lại đúng mã khuyến mãi đó và thực hiện áp dụng lần 2. | G52: B1: Mã khuyến mãi hợp lệ (theo cấu hình hệ thống) B3: Cùng mã khuyến mãi hợp lệ đã áp dụng | H52: 1. Mã được áp dụng thành công và tổng tiền được giảm đúng theo cấu hình. 2. Tổng tiền sau lần 1 được hiển thị và ổn định. 3. Hệ thống không áp dụng thêm giảm giá cho lần gửi trùng; tổng tiền không thay đổi so với sau lần 1; hiển thị thông báo/ trạng thái phù hợp cho trường hợp trùng lặp (nếu có). | I52: Đúng như kết quả mong đợi | J52: Pass
A53: 109 | B53: Kiểm thử áp dụng mã khuyến mãi không hợp lệ | C53: Xử lý mã khuyến mãi không tồn tại: không thay đổi tổng tiền | D53: Người dùng đang ở màn hình nhập mã khuyến mãi; tổng tiền hiện tại đang hiển thị; có thể nhập một mã không tồn tại trong hệ thống. | E53: High | F53: 1. Ghi nhận tổng tiền hiện tại trước khi nhập mã. 2. Nhập mã khuyến mãi không tồn tại và thực hiện áp dụng. 3. Quan sát tổng tiền sau khi áp dụng mã không tồn tại. | G53: B2: Mã không tồn tại | H53: 1. Tổng tiền trước khi áp dụng mã được hiển thị rõ ràng. 2. Hệ thống từ chối mã không hợp lệ; hiển thị lỗi phù hợp; không áp dụng giảm giá. 3. Tổng tiền không thay đổi so với trước khi nhập mã. | I53: Đúng như kết quả mong đợi | J53: Pass
A54: 110 | B54: Kiểm thử áp dụng mã khuyến mãi không hợp lệ | C54: Xử lý mã khuyến mãi hết hạn: không thay đổi tổng tiền | D54: Người dùng đang ở màn hình nhập mã khuyến mãi; có một mã khuyến mãi ở trạng thái hết hạn theo cấu hình hệ thống; tổng tiền hiện tại đang hiển thị. | E54: High | F54: 1. Ghi nhận tổng tiền hiện tại trước khi nhập mã. 2. Nhập mã khuyến mãi hết hạn và thực hiện áp dụng. 3. Quan sát tổng tiền sau khi áp dụng mã hết hạn. | G54: B2: Mã hết hạn (theo cấu hình hệ thống) | H54: 1. Tổng tiền trước khi áp dụng mã được hiển thị rõ ràng. 2. Hệ thống từ chối mã hết hạn; hiển thị lỗi phù hợp; không áp dụng giảm giá. 3. Tổng tiền không thay đổi so với trước khi nhập mã. | I54: Đúng như kết quả mong đợi | J54: Pass
A55: 111 | B55: Kiểm thử áp dụng mã khuyến mãi không hợp lệ | C55: Xử lý đầu vào rỗng: không áp dụng giảm giá và không đổi tổng tiền | D55: Người dùng đang ở màn hình nhập mã khuyến mãi; tổng tiền hiện tại đang hiển thị. | E55: High | F55: 1. Ghi nhận tổng tiền hiện tại. 2. Đảm bảo ô nhập mã khuyến mãi đang rỗng. 3. Thực hiện thao tác áp dụng mã khi ô nhập rỗng. 4. Quan sát tổng tiền sau thao tác. | G55: — | H55: 1. Tổng tiền hiện tại được hiển thị rõ ràng. 2. Ô nhập không có ký tự nào. 3. Hệ thống báo lỗi/nhắc nhở mã không hợp lệ do rỗng; không áp dụng giảm giá. 4. Tổng tiền không thay đổi. | I55: Đúng như kết quả mong đợi | J55: Pass
A56: 112 | B56: Kiểm thử áp dụng mã khuyến mãi không hợp lệ | C56: Xử lý khoảng trắng đầu/cuối với mã hợp lệ: vẫn áp dụng giảm giá đúng | D56: Người dùng đang ở màn hình nhập mã khuyến mãi; có một mã khuyến mãi hợp lệ theo cấu hình hệ thống; tổng tiền hiện tại đang hiển thị. | E56: High | F56: 1. Ghi nhận tổng tiền hiện tại trước khi áp dụng mã. 2. Nhập mã khuyến mãi hợp lệ kèm khoảng trắng ở đầu và/hoặc cuối. 3. Thực hiện thao tác áp dụng mã. 4. Quan sát tổng tiền sau khi áp dụng. | G56: B2: <khoảng trắng><mã hợp lệ><khoảng trắng> | H56: 1. Tổng tiền trước khi áp dụng mã được hiển thị rõ ràng. 2. Ô nhập nhận chuỗi có khoảng trắng. 3. Hệ thống xử lý khoảng trắng đầu/cuối và xác thực mã như mã hợp lệ; áp dụng giảm giá đúng theo cấu hình. 4. Tổng tiền được cập nhật chính xác theo giảm giá của mã hợp lệ. | I56: Đúng như kết quả mong đợi | J56: Pass
A57: 113 | B57: Kiểm thử áp dụng mã khuyến mãi không hợp lệ | C57: Xử lý khoảng trắng đầu/cuối với mã không tồn tại: vẫn bị từ chối và không đổi tổng tiền | D57: Người dùng đang ở màn hình nhập mã khuyến mãi; tổng tiền hiện tại đang hiển thị; có thể nhập một mã không tồn tại. | E57: Medium | F57: 1. Ghi nhận tổng tiền hiện tại trước khi áp dụng mã. 2. Nhập mã không tồn tại kèm khoảng trắng ở đầu/cuối và thực hiện áp dụng. 3. Quan sát tổng tiền sau thao tác. | G57: B2: <khoảng trắng><mã không tồn tại><khoảng trắng> | H57: 1. Tổng tiền trước khi áp dụng mã được hiển thị rõ ràng. 2. Hệ thống xử lý khoảng trắng đầu/cuối; vẫn xác định mã là không hợp lệ; hiển thị lỗi phù hợp; không áp dụng giảm giá. 3. Tổng tiền không thay đổi so với trước khi nhập mã. | I57: Đúng như kết quả mong đợi | J57: Pass
A58: 114 | B58: Kiểm thử áp dụng mã khuyến mãi không hợp lệ | C58: Chỉ nhập khoảng trắng (đầu vào rỗng sau khi trim): không áp dụng giảm giá | D58: Người dùng đang ở màn hình nhập mã khuyến mãi; tổng tiền hiện tại đang hiển thị. | E58: High | F58: 1. Ghi nhận tổng tiền hiện tại. 2. Nhập chuỗi chỉ gồm khoảng trắng vào ô mã khuyến mãi và thực hiện áp dụng. 3. Quan sát tổng tiền sau thao tác. | G58: B2: <khoảng trắng> | H58: 1. Tổng tiền hiện tại được hiển thị rõ ràng. 2. Hệ thống xử lý khoảng trắng và coi mã là rỗng/không hợp lệ; hiển thị lỗi phù hợp; không áp dụng giảm giá. 3. Tổng tiền không thay đổi. | I58: Đúng như kết quả mong đợi | J58: Pass
A59: 115 | B59: Kiểm thử áp dụng mã khuyến mãi không hợp lệ | C59: Áp dụng mã hợp lệ sau khi đã nhập mã không hợp lệ trước đó | D59: Người dùng đang ở màn hình nhập mã khuyến mãi; có một mã không hợp lệ (không tồn tại/hết hạn/rỗng) và một mã hợp lệ theo cấu hình hệ thống; tổng tiền hiện tại đang hiển thị. | E59: Medium | F59: 1. Nhập một mã không hợp lệ và thực hiện áp dụng. 2. Nhập một mã khuyến mãi hợp lệ và thực hiện áp dụng. 3. Quan sát tổng tiền sau khi áp dụng mã hợp lệ. | G59: B1: Mã không hợp lệ (không tồn tại hoặc hết hạn) B2: Mã khuyến mãi hợp lệ (theo cấu hình hệ thống) | H59: 1. Hệ thống từ chối mã; hiển thị lỗi; tổng tiền không thay đổi. 2. Hệ thống xác thực mã hợp lệ và áp dụng giảm giá đúng theo cấu hình. 3. Tổng tiền được cập nhật chính xác theo giảm giá của mã hợp lệ. | I59: Đúng như kết quả mong đợi | J59: Pass
A60: 116 | B60: Kiểm thử áp dụng mã khuyến mãi không hợp lệ | C60: Không thay đổi tổng tiền khi áp dụng mã không hợp lệ nhiều lần liên tiếp | D60: Người dùng đang ở màn hình nhập mã khuyến mãi; tổng tiền hiện tại đang hiển thị; có thể nhập các mã không hợp lệ (không tồn tại/hết hạn/rỗng). | E60: Medium | F60: 1. Ghi nhận tổng tiền hiện tại. 2. Nhập mã không tồn tại và áp dụng. 3. Nhập mã hết hạn và áp dụng. 4. Để trống ô nhập và áp dụng. 5. So sánh tổng tiền sau các lần thử với tổng tiền ban đầu. | G60: B2: Mã không tồn tại B3: Mã hết hạn (theo cấu hình hệ thống) | H60: 1. Tổng tiền hiện tại được hiển thị rõ ràng. 2. Hệ thống từ chối; tổng tiền không thay đổi. 3. Hệ thống từ chối; tổng tiền không thay đổi. 4. Hệ thống từ chối do rỗng; tổng tiền không thay đổi. 5. Tổng tiền sau cùng bằng đúng tổng tiền ban đầu. | I60: Đúng như kết quả mong đợi | J60: Pass
A61: 117 | B61: Kiểm thử áp dụng mã khuyến mãi không hợp lệ | C61: Xác minh tổng tiền chỉ thay đổi khi mã hợp lệ được áp dụng thành công | D61: Người dùng đang ở màn hình nhập mã khuyến mãi; có một mã hợp lệ theo cấu hình hệ thống và một mã không hợp lệ; tổng tiền hiện tại đang hiển thị. | E61: High | F61: 1. Ghi nhận tổng tiền ban đầu. 2. Nhập mã không hợp lệ và áp dụng. 3. Nhập mã hợp lệ và áp dụng. 4. Nhập lại cùng mã hợp lệ và áp dụng lần nữa. | G61: B2: Mã không hợp lệ (không tồn tại hoặc hết hạn) B3: Mã khuyến mãi hợp lệ (theo cấu hình hệ thống) B4: Cùng mã khuyến mãi hợp lệ đã áp dụng | H61: 1. Tổng tiền ban đầu được hiển thị rõ ràng. 2. Hệ thống từ chối; tổng tiền không đổi so với ban đầu. 3. Hệ thống áp dụng giảm giá; tổng tiền thay đổi đúng theo cấu hình. 4. Hệ thống không áp dụng thêm giảm giá; tổng tiền không đổi so với sau lần áp dụng hợp lệ đầu tiên. | I61: Đúng như kết quả mong đợi | J61: Pass
A62: 118 | B62: Kiểm thử xác nhận đơn hàng với thông tin hợp lệ | C62: Xác nhận đơn hàng thành công với giỏ hàng hợp lệ, địa chỉ, thanh toán và phương thức vận chuyển hợp lệ | D62: Người dùng đã đăng nhập; giỏ hàng có ít nhất 1 sản phẩm; màn hình xác nhận đơn hàng hiển thị đầy đủ các trường bắt buộc. | E62: High | F62: 1. Mở màn hình xác nhận đơn hàng từ giỏ hàng. 2. Nhập đầy đủ các trường bắt buộc với dữ liệu hợp lệ (địa chỉ hợp lệ, thông tin thanh toán hợp lệ, chọn phương thức vận chuyển). 3. Nhấn nút "Confirm Order" một lần. 4. Kiểm tra chi tiết đơn hàng vừa tạo. | G62: B2: Điền đầy đủ trường bắt buộc; thông tin thanh toán hợp lệ; chọn phương thức vận chuyển hợp lệ | H62: 1. Màn hình xác nhận đơn hàng hiển thị thông tin giỏ hàng và các trường bắt buộc (địa chỉ, thanh toán, phương thức vận chuyển). 2. Không có cảnh báo thiếu dữ liệu; hệ thống chấp nhận dữ liệu nhập. 3. Đơn hàng được tạo thành công; hệ thống hiển thị thông báo/Trang xác nhận thành công. 4. Đơn hàng chứa đúng thông tin khách hàng và chi tiết sản phẩm theo giỏ hàng; không có sai lệch dữ liệu hiển thị so với dữ liệu đã nhập. | I62: Đúng như kết quả mong đợi | J62: Pass
... A66: 139 | B66: Kiểm thử xác nhận đơn hàng với thông tin hợp lệ | C66: Thay đổi thông tin thanh toán trước khi xác nhận và đơn hàng chỉ tạo khi thanh toán hợp lệ | D66: Người dùng đã đăng nhập; giỏ hàng có ít nhất 1 sản phẩm; có thể chỉnh sửa thông tin thanh toán trên màn hình xác nhận. | E66: Medium | F66: 1. Nhập thông tin thanh toán không hợp lệ cùng với địa chỉ và vận chuyển hợp lệ. 2. Cập nhật thông tin thanh toán sang hợp lệ. 3. Nhấn "Confirm Order". | G66: B1: Thanh toán: không hợp lệ; địa chỉ hợp lệ; vận chuyển hợp lệ B2: Thanh toán: hợp lệ | H66: 1. Hệ thống hiển thị lỗi thanh toán không hợp lệ. 2. Lỗi thanh toán được xoá/cập nhật; form hợp lệ. 3. Đơn hàng được tạo thành công; không có đơn nào được tạo ở trạng thái thanh toán không hợp lệ. | I66: Đúng như kết quả mong đợi | J66: Pass
A67: 119 | B67: Kiểm thử xác nhận đơn hàng với thông tin hợp lệ | C67: Không cho phép tạo đơn hàng khi giỏ hàng trống | D67: Người dùng đã đăng nhập; giỏ hàng trống; có thể truy cập màn hình xác nhận đơn hàng (nếu hệ thống cho phép). | E67: High | F67: 1. Đi tới màn hình xác nhận đơn hàng khi giỏ hàng trống. 2. Thử nhấn "Confirm Order" (nếu nút hiển thị). | G67: — | H67: 1. Hệ thống hiển thị thông báo phù hợp rằng không thể tạo đơn hàng với giỏ hàng trống hoặc chặn truy cập bước xác nhận. 2. Đơn hàng không được tạo; hệ thống hiển thị thông báo lỗi phù hợp; không phát sinh đơn hàng mới. | I67: Tạo đơn thành công khi giỏ hàng trống | J67: Fail | K67: BUG-19
A68: 120 | B68: Kiểm thử xác nhận đơn hàng với thông tin hợp lệ | C68: Thiếu trường bắt buộc: bỏ trống địa chỉ và không thể xác nhận đơn | D68: Người dùng đã đăng nhập; giỏ hàng có ít nhất 1 sản phẩm; màn hình xác nhận đơn hàng hiển thị trường địa chỉ là bắt buộc. | E68: High | F68: 1. Mở màn hình xác nhận đơn hàng. 2. Để trống trường địa chỉ; điền hợp lệ thông tin thanh toán và chọn phương thức vận chuyển. 3. Nhấn "Confirm Order". | G68: B2: Địa chỉ: (trống); thanh toán hợp lệ; phương thức vận chuyển hợp lệ | H68: 1. Màn hình hiển thị các trường bắt buộc. 2. Hệ thống hiển thị cảnh báo/đánh dấu lỗi tại trường địa chỉ hoặc thông báo thiếu trường bắt buộc. 3. Đơn hàng không được tạo; hệ thống hiển thị thông báo phù hợp về trường bắt buộc; không phát sinh đơn hàng mới. | I68: Đúng như kết quả mong đợi | J68: Pass
A69: 121 | B69: Kiểm thử xác nhận đơn hàng với thông tin hợp lệ | C69: Thiếu trường bắt buộc: bỏ trống thông tin thanh toán và không thể xác nhận đơn | D69: Người dùng đã đăng nhập; giỏ hàng có ít nhất 1 sản phẩm; màn hình xác nhận đơn hàng có phần thông tin thanh toán là bắt buộc. | E69: High | F69: 1. Mở màn hình xác nhận đơn hàng. 2. Điền đầy đủ địa chỉ và chọn phương thức vận chuyển; để trống thông tin thanh toán. 3. Nhấn "Confirm Order". | G69: B2: Địa chỉ hợp lệ; phương thức vận chuyển hợp lệ; thanh toán: (trống) | H69: 1. Màn hình hiển thị phần thông tin thanh toán. 2. Hệ thống hiển thị cảnh báo/đánh dấu lỗi tại phần thanh toán hoặc thông báo thiếu trường bắt buộc. 3. Đơn hàng không được tạo; hệ thống hiển thị thông báo phù hợp; không phát sinh đơn hàng mới. | I69: Đúng như kết quả mong đợi | J69: Pass
A70: 122 | B70: Kiểm thử xác nhận đơn hàng với thông tin hợp lệ | C70: Thiếu trường bắt buộc: không chọn phương thức vận chuyển và không thể xác nhận đơn | D70: Người dùng đã đăng nhập; giỏ hàng có ít nhất 1 sản phẩm; phương thức vận chuyển là bắt buộc. | E70: High | F70: 1. Mở màn hình xác nhận đơn hàng. 2. Điền địa chỉ hợp lệ và thông tin thanh toán hợp lệ; không chọn phương thức vận chuyển. 3. Nhấn "Confirm Order". | G70: B2: Địa chỉ hợp lệ; thanh toán hợp lệ; vận chuyển: (không chọn) | H70: 1. Danh sách/tuỳ chọn phương thức vận chuyển hiển thị. 2. Hệ thống hiển thị cảnh báo/đánh dấu lỗi tại phần vận chuyển hoặc thông báo thiếu trường bắt buộc. 3. Đơn hàng không được tạo; hệ thống hiển thị thông báo phù hợp; không phát sinh đơn hàng mới. | I70: Mặc định phương thức vận chuyển đã được chọn sẵn là Collect (FREE) | J70: Fail | K70: BUG-20
A71: 123 | B71: Kiểm thử xác nhận đơn hàng với thông tin hợp lệ | C71: Thông tin thanh toán không hợp lệ: hệ thống hiển thị thông báo và không tạo đơn | D71: Người dùng đã đăng nhập; giỏ hàng có ít nhất 1 sản phẩm; màn hình xác nhận đơn hàng sẵn sàng nhập thông tin thanh toán. | E71: High | F71: 1. Mở màn hình xác nhận đơn hàng. 2. Điền đầy đủ các trường bắt buộc khác hợp lệ; nhập thông tin thanh toán không hợp lệ. 3. Nhấn "Confirm Order". | G71: B2: Địa chỉ hợp lệ; phương thức vận chuyển hợp lệ; thanh toán: không hợp lệ | H71: 1. Màn hình hiển thị phần nhập thông tin thanh toán. 2. Hệ thống hiển thị thông báo phù hợp rằng thông tin thanh toán không hợp lệ hoặc đánh dấu lỗi tại phần thanh toán. 3. Đơn hàng không được tạo; hệ thống hiển thị thông báo lỗi; không phát sinh đơn hàng mới. | I71: Đúng như kết quả mong đợi | J71: Pass
A72: 124 | B72: Kiểm thử xác nhận đơn hàng với thông tin hợp lệ | C72: Ngăn click nhiều lần: nhấn Confirm Order liên tiếp nhanh và chỉ tạo 1 đơn | D72: Người dùng đã đăng nhập; giỏ hàng có ít nhất 1 sản phẩm; tất cả dữ liệu bắt buộc có thể nhập hợp lệ. | E72: High | F72: 1. Mở màn hình xác nhận đơn hàng và nhập đầy đủ dữ liệu hợp lệ. 2. Nhấn "Confirm Order" nhiều lần liên tiếp (double-click/rapid click). 3. Kiểm tra kết quả tạo đơn hàng. | G72: B1: Địa chỉ hợp lệ; thanh toán hợp lệ; phương thức vận chuyển hợp lệ | H72: 1. Dữ liệu hợp lệ, sẵn sàng xác nhận. 2. Hệ thống không cho phép gửi nhiều yêu cầu; nút bị vô hiệu hoá hoặc có cơ chế chặn; chỉ xử lý một lần. 3. Chỉ có 1 đơn hàng được tạo; không có đơn trùng lặp. | I72: Đúng như kết quả mong đợi | J72: Pass
A73: 128 | B73: Kiểm thử xác nhận đơn hàng với thông tin hợp lệ | C73: Thông báo lỗi khi thiếu nhiều trường bắt buộc cùng lúc | D73: Người dùng đã đăng nhập; giỏ hàng có ít nhất 1 sản phẩm; các trường địa chỉ/thanh toán/vận chuyển là bắt buộc. | E73: Medium | F73: 1. Mở màn hình xác nhận đơn hàng. 2. Bỏ trống nhiều trường bắt buộc (ví dụ địa chỉ và thanh toán), đồng thời không chọn phương thức vận chuyển. 3. Nhấn "Confirm Order". | G73: B2: Địa chỉ: (trống); thanh toán: (trống); vận chuyển: (không chọn) | H73: 1. Màn hình hiển thị các trường bắt buộc. 2. Hệ thống hiển thị thông báo phù hợp cho các trường bắt buộc bị thiếu (có thể theo từng trường hoặc tổng hợp). 3. Đơn hàng không được tạo; người dùng nhận phản hồi rõ ràng về các lỗi cần sửa. | I73: Đúng như kết quả mong đợi | J73: Pass
A74: 129 | B74: Kiểm thử xác nhận đơn hàng với thông tin hợp lệ | C74: Sửa lỗi sau khi bị báo thiếu trường bắt buộc và xác nhận đơn thành công | D74: Người dùng đã đăng nhập; giỏ hàng có ít nhất 1 sản phẩm; màn hình xác nhận đơn hàng. | E74: High | F74: 1. Để trống một trường bắt buộc và nhấn "Confirm Order" để tạo lỗi validate. 2. Điền bổ sung trường bắt buộc còn thiếu bằng dữ liệu hợp lệ. 3. Nhấn "Confirm Order". | G74: B1: Ví dụ: địa chỉ (trống) B2: Địa chỉ hợp lệ | H74: 1. Hệ thống hiển thị lỗi thiếu trường bắt buộc; không tạo đơn. 2. Lỗi validate được xoá/cập nhật; form trở về trạng thái hợp lệ. 3. Đơn hàng được tạo thành công; hiển thị thông báo/Trang xác nhận thành công. | I74: Đúng như kết quả mong đợi | J74: Pass
A75: 131 | B75: Kiểm thử xác nhận đơn hàng với thông tin hợp lệ | C75: Đảm bảo chi tiết sản phẩm trong đơn hàng khớp với giỏ hàng | D75: Người dùng đã đăng nhập; giỏ hàng có nhiều sản phẩm; màn hình xác nhận đơn hàng. | E75: Medium | F75: 1. Mở màn hình xác nhận đơn hàng và ghi nhận danh sách sản phẩm hiển thị trong phần chi tiết đơn. 2. Nhập đầy đủ dữ liệu bắt buộc hợp lệ và nhấn "Confirm Order". 3. Mở chi tiết đơn hàng vừa tạo và đối chiếu danh sách sản phẩm. | G75: B2: Địa chỉ hợp lệ; thanh toán hợp lệ; phương thức vận chuyển hợp lệ | H75: 1. Danh sách sản phẩm hiển thị đầy đủ theo giỏ hàng. 2. Đơn hàng được tạo thành công. 3. Danh sách sản phẩm trong đơn hàng khớp với giỏ hàng đã xác nhận; không thiếu/không thừa sản phẩm. | I75: Đúng như kết quả mong đợi | J75: Pass
A76: 135 | B76: Kiểm thử xác nhận đơn hàng với thông tin hợp lệ | C76: Không tạo đơn khi thiếu trường bắt buộc dù người dùng cố submit nhiều lần | D76: Người dùng đã đăng nhập; giỏ hàng có ít nhất 1 sản phẩm; màn hình xác nhận đơn hàng. | E76: High | F76: 1. Bỏ trống một trường bắt buộc (ví dụ địa chỉ) và điền các phần còn lại hợp lệ. 2. Nhấn "Confirm Order" nhiều lần liên tiếp. 3. Kiểm tra hệ thống không phát sinh đơn hàng nào. | G76: B1: Địa chỉ: (trống); thanh toán hợp lệ; phương thức vận chuyển hợp lệ | H76: 1. Hệ thống hiển thị lỗi thiếu trường bắt buộc. 2. Hệ thống vẫn từ chối; không gửi/không xử lý tạo đơn; không có thay đổi trạng thái thành công. 3. Không có đơn hàng mới được tạo; không có đơn trùng. | I76: Đúng như kết quả mong đợi | J76: Pass
A77: 136 | B77: Kiểm thử xác nhận đơn hàng với thông tin hợp lệ | C77: Không tạo đơn khi thanh toán không hợp lệ dù người dùng click Confirm Order nhiều lần | D77: Người dùng đã đăng nhập; giỏ hàng có ít nhất 1 sản phẩm; màn hình xác nhận đơn hàng. | E77: High | F77: 1. Nhập địa chỉ và phương thức vận chuyển hợp lệ; nhập thanh toán không hợp lệ. 2. Nhấn "Confirm Order" nhiều lần liên tiếp. 3. Kiểm tra không có đơn hàng mới được tạo. | G77: B1: Thanh toán: không hợp lệ | H77: 1. Hệ thống hiển thị lỗi thanh toán không hợp lệ. 2. Hệ thống không tạo đơn; vẫn hiển thị lỗi; không phát sinh nhiều yêu cầu tạo đơn. 3. Không có đơn hàng nào được tạo; không có đơn trùng. | I77: Đúng như kết quả mong đợi | J77: Pass
A78: 30 | B78: Kiểm thử giao diện và trải nghiệm người dùng đúng thiết kế | C78: Kiểm tra bố cục tổng thể của Billing Address, Payment, Your Basket, Delivery hiển thị đúng | D78: Người dùng mở trang có các khu vực Billing Address, Payment, Your Basket, Delivery. | E78: High | F78: 1. Quan sát trang và xác định sự hiện diện của các khu vực Billing Address, Payment, Your Basket, Delivery. 2. Kiểm tra trực quan vị trí và căn chỉnh của từng khu vực trên trang. | G78: — | H78: 1. Cả 4 khu vực đều hiển thị trên giao diện, không thiếu khu vực nào. 2. Bố cục các khu vực hiển thị đúng, không bị lệch bất thường; không có nội dung bị chồng lấn hoặc bị cắt. | I78: Đúng như kết quả mong đợi | J78: Pass
A79: 31 | B79: Kiểm thử giao diện và trải nghiệm người dùng đúng thiết kế | C79: Kiểm tra không có nội dung bị chồng lấn giữa các khu vực | D79: Trang có các khu vực Billing Address, Payment, Your Basket, Delivery đã được tải hoàn tất. | E79: High | F79: 1. Cuộn trang từ đầu đến cuối và quan sát các khu vực và phần tử con. 2. Quan sát các vùng rìa/biên của từng khu vực khi cuộn qua các điểm chuyển tiếp giữa các khu vực. | G79: — | H79: 1. Không có nội dung/khối UI nào chồng lấn lên nhau ở bất kỳ vị trí nào. 2. Không có hiện tượng đè chữ, đè nút, đè trường nhập giữa các khu vực. | I79: Đúng như kết quả mong đợi | J79: Pass
A80: 32 | B80: Kiểm thử giao diện và trải nghiệm người dùng đúng thiết kế | C80: Kiểm tra không có nội dung bị cắt (cut-off) trong từng khu vực | D80: Trang đã tải xong; trình duyệt ở mức zoom mặc định. | E80: High | F80: 1. Quan sát tất cả tiêu đề, nhãn, placeholder, trường nhập, nút và nội dung tóm tắt trong từng khu vực. 2. Cuộn trang và kiểm tra các phần tử ở gần mép trên/dưới của viewport. | G80: — | H80: 1. Không có chữ hoặc thành phần UI nào bị cắt mất một phần; nội dung hiển thị trọn vẹn. 2. Không có phần tử nào bị cắt khi xuất hiện/biến mất trong viewport. | I80: Đúng như kết quả mong đợi | J80: Pass
A81: 33 | B81: Kiểm thử giao diện và trải nghiệm người dùng đúng thiết kế | C81: Kiểm tra nhãn (label) và placeholder hiển thị rõ ràng, dễ hiểu cho các trường nhập | D81: Trang hiển thị các trường nhập trong Billing Address và/hoặc Payment (nếu có). | E81: Medium | F81: 1. Quan sát từng trường nhập và ghi nhận label hiển thị kèm theo. 2. Nhấp vào từng trường nhập để xem placeholder (nếu có) và kiểm tra tính rõ ràng. | G81: — | H81: 1. Mỗi trường nhập có label rõ ràng, không mơ hồ, không bị trùng lặp khó hiểu. 2. Placeholder (nếu có) hiển thị rõ ràng, dễ hiểu; không bị cắt hoặc chồng lấn. | I81: Đúng như kết quả mong đợi | J81: Pass
A82: 34 | B82: Kiểm thử giao diện và trải nghiệm người dùng đúng thiết kế | C82: Kiểm tra label/placeholder không bị che khuất khi trường có focus | D82: Trang có ít nhất một trường nhập trong Billing Address hoặc Payment. | E82: Medium | F82: 1. Dùng chuột nhấp vào một trường nhập để đặt focus. 2. Chuyển focus qua các trường nhập khác bằng chuột. | G82: — | H82: 1. Trạng thái focus hiển thị rõ ràng; label/placeholder không bị che khuất hoặc chồng lấn. 2. Mỗi lần focus, label/placeholder vẫn rõ ràng; không có nội dung bị cắt. | I82: Đúng như kết quả mong đợi | J82: Pass
... A102: 51 | B102: Kiểm thử lỗi hiển thị và thông báo trên giao diện | C102: Kiểm tra responsive khi có lỗi: thông báo lỗi vẫn rõ ràng và đúng vị trí | D102: Có thể kích hoạt lỗi; có thể thay đổi kích thước cửa sổ trình duyệt. | E102: High | F102: 1. Thu nhỏ cửa sổ trình duyệt, sau đó submit dữ liệu không hợp lệ để hiển thị lỗi. 2. Quan sát vị trí và khả năng đọc của thông báo lỗi trên màn hình nhỏ và khi cuộn. 3. Mở rộng cửa sổ trình duyệt và quan sát lại thông báo lỗi. | G102: B1: Dữ liệu không hợp lệ (theo quy tắc kiểm tra của hệ thống) | H102: 1. Thông báo lỗi hiển thị trên màn hình nhỏ. 2. Thông báo lỗi rõ ràng, không bị cắt; không chồng lấn; vị trí hiển thị hợp lý so với trường lỗi. 3. Thông báo lỗi vẫn hiển thị đúng, không bị lệch vị trí hoặc gây vỡ layout. | I102: Đúng như kết quả mong đợi | J102: Pass
A103: 95 | B103: Kiểm thử tính toàn vẹn dữ liệu giỏ hàng | C103: Trạng thái không hợp lệ: tổng tiền không khớp với tổng giá sản phẩm hiển thị | D103: Người dùng đang ở màn hình giỏ hàng và có nhiều sản phẩm; có khả năng xảy ra trạng thái tổng tiền hiển thị sai (trạng thái không hợp lệ). | E103: High | F103: 1. Mở màn hình giỏ hàng 2. Tính tổng tiền kỳ vọng bằng cách cộng giá của tất cả sản phẩm đang hiển thị 3. So sánh tổng tiền hiển thị với tổng tiền kỳ vọng | G103: — | H103: 1. Danh sách sản phẩm và tổng tiền được hiển thị. 2. Có tổng tiền kỳ vọng để đối chiếu. 3. Nếu không khớp, xác nhận hệ thống đang ở trạng thái không hợp lệ (tổng tiền hiển thị không chính xác so với giá sản phẩm). | I103: tổng tiền giá trị sản phẩm hiện đúng | J103: Fail | K103: BUG-14

Sheet Tổng hợp
A1: Tổng hợp kết quả test case – Sweet Shop
A3: Nhóm chức năng | B3: Tổng | C3: Pass | D3: Fail | E3: Tỷ lệ Pass
A4: Thông tin địa chỉ thanh toán hợp lệ | B4: =COUNTIF('Test case'!$B$2:$B$103,A4) -> 2 | C4: =COUNTIFS('Test case'!$B$2:$B$103,A4,'Test case'!$J$2:$J$103,"Pass") -> 2 | D4: =COUNTIFS('Test case'!$B$2:$B$103,A4,'Test case'!$J$2:$J$103,"Fail") -> 0 | E4: =IF(B4=0,0,C4/B4) -> 1
A5: Thông tin địa chỉ thanh toán không hợp lệ | B5: =COUNTIF('Test case'!$B$2:$B$103,A5) -> 12 | C5: =COUNTIFS('Test case'!$B$2:$B$103,A5,'Test case'!$J$2:$J$103,"Pass") -> 7 | D5: =COUNTIFS('Test case'!$B$2:$B$103,A5,'Test case'!$J$2:$J$103,"Fail") -> 5 | E5: =IF(B5=0,0,C5/B5) -> 0.58333333
A6: Thông tin thanh toán hợp lệ | B6: =COUNTIF('Test case'!$B$2:$B$103,A6) -> 2 | C6: =COUNTIFS('Test case'!$B$2:$B$103,A6,'Test case'!$J$2:$J$103,"Pass") -> 2 | D6: =COUNTIFS('Test case'!$B$2:$B$103,A6,'Test case'!$J$2:$J$103,"Fail") -> 0 | E6: =IF(B6=0,0,C6/B6) -> 1
A7: Thông tin thanh toán không hợp lệ | B7: =COUNTIF('Test case'!$B$2:$B$103,A7) -> 13 | C7: =COUNTIFS('Test case'!$B$2:$B$103,A7,'Test case'!$J$2:$J$103,"Pass") -> 7 | D7: =COUNTIFS('Test case'!$B$2:$B$103,A7,'Test case'!$J$2:$J$103,"Fail") -> 6 | E7: =IF(B7=0,0,C7/B7) -> 0.53846154
A8: Kiểm thử hiển thị và thao tác giỏ hàng hợp lệ | B8: =COUNTIF('Test case'!$B$2:$B$103,A8) -> 7 | C8: =COUNTIFS('Test case'!$B$2:$B$103,A8,'Test case'!$J$2:$J$103,"Pass") -> 7 | D8: =COUNTIFS('Test case'!$B$2:$B$103,A8,'Test case'!$J$2:$J$103,"Fail") -> 0 | E8: =IF(B8=0,0,C8/B8) -> 1
A9: Kiểm thử trạng thái giỏ hàng trống | B9: =COUNTIF('Test case'!$B$2:$B$103,A9) -> 2 | C9: =COUNTIFS('Test case'!$B$2:$B$103,A9,'Test case'!$J$2:$J$103,"Pass") -> 2 | D9: =COUNTIFS('Test case'!$B$2:$B$103,A9,'Test case'!$J$2:$J$103,"Fail") -> 0 | E9: =IF(B9=0,0,C9/B9) -> 1
A10: Kiểm thử lựa chọn phương thức giao hàng hợp lệ | B10: =COUNTIF('Test case'!$B$2:$B$103,A10) -> 5 | C10: =COUNTIFS('Test case'!$B$2:$B$103,A10,'Test case'!$J$2:$J$103,"Pass") -> 4 | D10: =COUNTIFS('Test case'!$B$2:$B$103,A10,'Test case'!$J$2:$J$103,"Fail") -> 1 | E10: =IF(B10=0,0,C10/B10) -> 0.8
A11: Kiểm thử lỗi tính tổng tiền khi áp dụng phí giao hàng | B11: =COUNTIF('Test case'!$B$2:$B$103,A11) -> 6 | C11: =COUNTIFS('Test case'!$B$2:$B$103,A11,'Test case'!$J$2:$J$103,"Pass") -> 3 | D11: =COUNTIFS('Test case'!$B$2:$B$103,A11,'Test case'!$J$2:$J$103,"Fail") -> 3 | E11: =IF(B11=0,0,C11/B11) -> 0.5
A12: Kiểm thử áp dụng mã khuyến mãi hợp lệ | B12: =COUNTIF('Test case'!$B$2:$B$103,A12) -> 2 | C12: =COUNTIFS('Test case'!$B$2:$B$103,A12,'Test case'!$J$2:$J$103,"Pass") -> 2 | D12: =COUNTIFS('Test case'!$B$2:$B$103,A12,'Test case'!$J$2:$J$103,"Fail") -> 0 | E12: =IF(B12=0,0,C12/B12) -> 1
A13: Kiểm thử áp dụng mã khuyến mãi không hợp lệ | B13: =COUNTIF('Test case'!$B$2:$B$103,A13) -> 9 | C13: =COUNTIFS('Test case'!$B$2:$B$103,A13,'Test case'!$J$2:$J$103,"Pass") -> 9 | D13: =COUNTIFS('Test case'!$B$2:$B$103,A13,'Test case'!$J$2:$J$103,"Fail") -> 0 | E13: =IF(B13=0,0,C13/B13) -> 1
A14: Kiểm thử xác nhận đơn hàng với thông tin hợp lệ | B14: =COUNTIF('Test case'!$B$2:$B$103,A14) -> 16 | C14: =COUNTIFS('Test case'!$B$2:$B$103,A14,'Test case'!$J$2:$J$103,"Pass") -> 14 | D14: =COUNTIFS('Test case'!$B$2:$B$103,A14,'Test case'!$J$2:$J$103,"Fail") -> 2 | E14: =IF(B14=0,0,C14/B14) -> 0.875
A15: Kiểm thử giao diện và trải nghiệm người dùng đúng thiết kế | B15: =COUNTIF('Test case'!$B$2:$B$103,A15) -> 17 | C15: =COUNTIFS('Test case'!$B$2:$B$103,A15,'Test case'!$J$2:$J$103,"Pass") -> 17 | D15: =COUNTIFS('Test case'!$B$2:$B$103,A15,'Test case'!$J$2:$J$103,"Fail") -> 0 | E15: =IF(B15=0,0,C15/B15) -> 1
... A17: Kiểm thử tính toàn vẹn dữ liệu giỏ hàng | B17: =COUNTIF('Test case'!$B$2:$B$103,A17) -> 1 | C17: =COUNTIFS('Test case'!$B$2:$B$103,A17,'Test case'!$J$2:$J$103,"Pass") -> 0 | D17: =COUNTIFS('Test case'!$B$2:$B$103,A17,'Test case'!$J$2:$J$103,"Fail") -> 1 | E17: =IF(B17=0,0,C17/B17) -> 0
A18: Tổng cộng | B18: =SUM(B4:B17) -> 102 | C18: =SUM(C4:C17) -> 84 | D18: =SUM(D4:D17) -> 18 | E18: =IF(B18=0,0,C18/B18) -> 0.82352941
